<code_scheme name="Default" version="173">
  <HTMLCodeStyleSettings>
    <option name="HTML_ELEMENTS_TO_INSERT_NEW_LINE_BEFORE" value="html,body,div,p,form,h1,h2,h3" />
    <option name="HTML_DO_NOT_INDENT_CHILDREN_OF" value="" />
  </HTMLCodeStyleSettings>
  <VueCodeStyleSettings>
    <option name="INDENT_CHILDREN_OF_TOP_LEVEL" value="template,script,style" />
  </VueCodeStyleSettings>
  <codeStyleSettings language="CSS">
    <option name="KEEP_BLANK_LINES_IN_CODE" value="0" />
    <indentOptions>
      <option name="INDENT_SIZE" value="2" />
      <option name="CONTINUATION_INDENT_SIZE" value="2" />
      <option name="TAB_SIZE" value="2" />
    </indentOptions>
  </codeStyleSettings>
  <codeStyleSettings language="HTML">
    <option name="RIGHT_MARGIN" value="140" />
    <indentOptions>
      <option name="INDENT_SIZE" value="2" />
      <option name="CONTINUATION_INDENT_SIZE" value="4" />
      <option name="TAB_SIZE" value="2" />
    </indentOptions>
  </codeStyleSettings>
  <codeStyleSettings language="SCSS">
    <indentOptions>
      <option name="CONTINUATION_INDENT_SIZE" value="4" />
      <option name="TAB_SIZE" value="2" />
    </indentOptions>
  </codeStyleSettings>
  <codeStyleSettings language="TypeScript">
    <option name="RIGHT_MARGIN" value="999" />
    <option name="SOFT_MARGINS" value="210" />
    <indentOptions>
      <option name="INDENT_SIZE" value="2" />
      <option name="CONTINUATION_INDENT_SIZE" value="2" />
      <option name="TAB_SIZE" value="2" />
    </indentOptions>
  </codeStyleSettings>
  <codeStyleSettings language="Vue">
    <indentOptions>
      <option name="KEEP_INDENTS_ON_EMPTY_LINES" value="true" />
    </indentOptions>
  </codeStyleSettings>
</code_scheme>