<application>
  <component name="CodeVisionSettings">
    <option name="codeVisionGroupToPosition">
      <map>
        <entry key="gittoolbox.code.vision.blame.changeDate" value="Default" />
        <entry key="gittoolbox.code.vision.blame.issueNav" value="Default" />
        <entry key="inheritors" value="Default" />
        <entry key="references" value="Default" />
        <entry key="vcs.code.vision" value="Default" />
      </map>
    </option>
    <option name="defaultPosition" value="Right" />
    <option name="disabledCodeVisionProviderIds">
      <set>
        <option value="inheritors" />
        <option value="references" />
        <option value="vcs.code.vision" />
      </set>
    </option>
  </component>
  <component name="DeclarativeInlayHintsSettings">
    <option name="enabledOptions">
      <map>
        <entry key="js.type.hints#function.returns" value="true" />
        <entry key="js.type.hints#non.paren.single.param" value="true" />
        <entry key="js.type.hints#parameters.in.parens" value="true" />
        <entry key="js.type.hints#variables.and.fields" value="true" />
        <entry key="ts.type.hints#function.returns" value="false" />
        <entry key="ts.type.hints#non.paren.single.param" value="true" />
        <entry key="ts.type.hints#parameters.in.parens" value="true" />
        <entry key="ts.type.hints#variables.and.fields" value="true" />
      </map>
    </option>
    <option name="providerIdToEnabled">
      <map>
        <entry key="js.chain.hints" value="true" />
        <entry key="js.type.hints" value="true" />
        <entry key="ts.chain.hints" value="true" />
        <entry key="ts.enum.hints" value="true" />
        <entry key="ts.type.hints" value="true" />
      </map>
    </option>
  </component>
  <component name="InlayHintsSettings">
    <option name="lastViewedProviderKeyId" value=".vcs.code.vision" />
  </component>
  <component name="InlineCompletionOnboarding">
    <option name="onboardingFinished" value="true" />
  </component>
</application>