<application>
  <component name="LafManager">
    <laf themeId="ee2824b3-c1d9-44fa-8b64-de6fe5dd8e37" />
    <lafs-to-previous-schemes>
      <laf-to-scheme laf="Darcula" scheme="Dracula Colorful copy" />
      <laf-to-scheme laf="ExperimentalDark" scheme="Dracula Colorful copy" />
      <laf-to-scheme laf="Islands Dark" scheme="Dracula Colorful DxD" />
      <laf-to-scheme laf="ee2824b3-c1d9-44fa-8b64-de6fe5dd8e37" scheme="Dracula Colorful DxD" />
    </lafs-to-previous-schemes>
  </component>
</application>