<application>
  <component name="SettingsSyncSettings">
    <option name="disabledSubcategories">
      <map>
        <entry key="PLUGINS">
          <value>
            <list>
              <option value="AceJump" />
              <option value="com.intellij.spring.debugger" />
              <option value="com.intellij.velocity" />
              <option value="com.mallowigi" />
              <option value="com.vermouthx.idea" />
              <option value="dev.nx.console" />
              <option value="org.intellij.prisma" />
              <option value="quokka.js" />
            </list>
          </value>
        </entry>
      </map>
    </option>
    <option name="syncEnabled" value="true" />
  </component>
</application>