<application>
  <component name="TemplateSettings">
    <option name="deletedKeys">
      <list>
        <TemplateKey>
          <option name="groupName" value="Shell Script Hidden" />
          <option name="key" value="shell_if" />
        </TemplateKey>
        <TemplateKey>
          <option name="groupName" value="Shell Script Hidden" />
          <option name="key" value="shell_elif" />
        </TemplateKey>
        <TemplateKey>
          <option name="groupName" value="Shell Script Hidden" />
          <option name="key" value="shell_select" />
        </TemplateKey>
        <TemplateKey>
          <option name="groupName" value="Shell Script Hidden" />
          <option name="key" value="shell_case" />
        </TemplateKey>
        <TemplateKey>
          <option name="groupName" value="Shell Script Hidden" />
          <option name="key" value="shell_for" />
        </TemplateKey>
        <TemplateKey>
          <option name="groupName" value="Shell Script Hidden" />
          <option name="key" value="shell_while" />
        </TemplateKey>
        <TemplateKey>
          <option name="groupName" value="Shell Script Hidden" />
          <option name="key" value="shell_until" />
        </TemplateKey>
        <TemplateKey>
          <option name="groupName" value="Shell Script Hidden" />
          <option name="key" value="shell_function" />
        </TemplateKey>
        <TemplateKey>
          <option name="groupName" value="Shell Script Hidden" />
          <option name="key" value="shell_string equal" />
        </TemplateKey>
        <TemplateKey>
          <option name="groupName" value="Shell Script Hidden" />
          <option name="key" value="shell_string not equal" />
        </TemplateKey>
        <TemplateKey>
          <option name="groupName" value="Shell Script Hidden" />
          <option name="key" value="shell_string is empty" />
        </TemplateKey>
        <TemplateKey>
          <option name="groupName" value="Shell Script Hidden" />
          <option name="key" value="shell_string not empty" />
        </TemplateKey>
        <TemplateKey>
          <option name="groupName" value="Shell Script Hidden" />
          <option name="key" value="shell_number equal" />
        </TemplateKey>
        <TemplateKey>
          <option name="groupName" value="Shell Script Hidden" />
          <option name="key" value="shell_number not equal" />
        </TemplateKey>
        <TemplateKey>
          <option name="groupName" value="Shell Script Hidden" />
          <option name="key" value="shell_number less" />
        </TemplateKey>
        <TemplateKey>
          <option name="groupName" value="Shell Script Hidden" />
          <option name="key" value="shell_number less or equal" />
        </TemplateKey>
        <TemplateKey>
          <option name="groupName" value="Shell Script Hidden" />
          <option name="key" value="shell_number greater" />
        </TemplateKey>
        <TemplateKey>
          <option name="groupName" value="Shell Script Hidden" />
          <option name="key" value="shell_number greater or equal" />
        </TemplateKey>
        <TemplateKey>
          <option name="groupName" value="Shell Script Hidden" />
          <option name="key" value="shell_file exists" />
        </TemplateKey>
        <TemplateKey>
          <option name="groupName" value="Shell Script Hidden" />
          <option name="key" value="shell_file not empty" />
        </TemplateKey>
        <TemplateKey>
          <option name="groupName" value="Shell Script Hidden" />
          <option name="key" value="shell_file readable" />
        </TemplateKey>
        <TemplateKey>
          <option name="groupName" value="Shell Script Hidden" />
          <option name="key" value="shell_file writable" />
        </TemplateKey>
        <TemplateKey>
          <option name="groupName" value="Shell Script Hidden" />
          <option name="key" value="shell_file executable" />
        </TemplateKey>
        <TemplateKey>
          <option name="groupName" value="Shell Script Hidden" />
          <option name="key" value="shell_file equals" />
        </TemplateKey>
        <TemplateKey>
          <option name="groupName" value="Shell Script Hidden" />
          <option name="key" value="shell_file newer" />
        </TemplateKey>
        <TemplateKey>
          <option name="groupName" value="Shell Script Hidden" />
          <option name="key" value="shell_file older" />
        </TemplateKey>
        <TemplateKey>
          <option name="groupName" value="Shell Script Hidden" />
          <option name="key" value="shell_path exists" />
        </TemplateKey>
        <TemplateKey>
          <option name="groupName" value="Shell Script Hidden" />
          <option name="key" value="shell_directory exists" />
        </TemplateKey>
        <TemplateKey>
          <option name="groupName" value="Shell Script Hidden" />
          <option name="key" value="shell_command exists" />
        </TemplateKey>
        <TemplateKey>
          <option name="groupName" value="JavaScript" />
          <option name="key" value="iter" />
        </TemplateKey>
        <TemplateKey>
          <option name="groupName" value="JavaScript" />
          <option name="key" value="itera" />
        </TemplateKey>
        <TemplateKey>
          <option name="groupName" value="JavaScript" />
          <option name="key" value="itin" />
        </TemplateKey>
        <TemplateKey>
          <option name="groupName" value="JavaScript" />
          <option name="key" value="itar" />
        </TemplateKey>
        <TemplateKey>
          <option name="groupName" value="JavaScript" />
          <option name="key" value="ritar" />
        </TemplateKey>
        <TemplateKey>
          <option name="groupName" value="JavaScript" />
          <option name="key" value="importitems" />
        </TemplateKey>
        <TemplateKey>
          <option name="groupName" value="JavaScript" />
          <option name="key" value="importns" />
        </TemplateKey>
        <TemplateKey>
          <option name="groupName" value="JavaScript" />
          <option name="key" value="importdefault" />
        </TemplateKey>
        <TemplateKey>
          <option name="groupName" value="JavaScript" />
          <option name="key" value="exportall" />
        </TemplateKey>
        <TemplateKey>
          <option name="groupName" value="JavaScript" />
          <option name="key" value="exportfrom" />
        </TemplateKey>
        <TemplateKey>
          <option name="groupName" value="JavaScript" />
          <option name="key" value="exportitems" />
        </TemplateKey>
        <TemplateKey>
          <option name="groupName" value="JavaScript" />
          <option name="key" value="moduleexports" />
        </TemplateKey>
        <TemplateKey>
          <option name="groupName" value="JavaScript" />
          <option name="key" value="assert" />
        </TemplateKey>
        <TemplateKey>
          <option name="groupName" value="JavaScript" />
          <option name="key" value="ref" />
        </TemplateKey>
        <TemplateKey>
          <option name="groupName" value="JavaScript" />
          <option name="key" value="defn" />
        </TemplateKey>
        <TemplateKey>
          <option name="groupName" value="JavaScript" />
          <option name="key" value="flow" />
        </TemplateKey>
        <TemplateKey>
          <option name="groupName" value="JavaScript" />
          <option name="key" value="arf" />
        </TemplateKey>
        <TemplateKey>
          <option name="groupName" value="React" />
          <option name="key" value="con" />
        </TemplateKey>
        <TemplateKey>
          <option name="groupName" value="React" />
          <option name="key" value="props" />
        </TemplateKey>
        <TemplateKey>
          <option name="groupName" value="React" />
          <option name="key" value="state" />
        </TemplateKey>
        <TemplateKey>
          <option name="groupName" value="React" />
          <option name="key" value="fsc" />
        </TemplateKey>
        <TemplateKey>
          <option name="groupName" value="React" />
          <option name="key" value="fsf" />
        </TemplateKey>
        <TemplateKey>
          <option name="groupName" value="React" />
          <option name="key" value="rcc" />
        </TemplateKey>
        <TemplateKey>
          <option name="groupName" value="React" />
          <option name="key" value="rccp" />
        </TemplateKey>
        <TemplateKey>
          <option name="groupName" value="React" />
          <option name="key" value="rcfc" />
        </TemplateKey>
        <TemplateKey>
          <option name="groupName" value="React" />
          <option name="key" value="rsc" />
        </TemplateKey>
        <TemplateKey>
          <option name="groupName" value="React" />
          <option name="key" value="rsf" />
        </TemplateKey>
        <TemplateKey>
          <option name="groupName" value="React" />
          <option name="key" value="rsfp" />
        </TemplateKey>
        <TemplateKey>
          <option name="groupName" value="React" />
          <option name="key" value="rsi" />
        </TemplateKey>
        <TemplateKey>
          <option name="groupName" value="React" />
          <option name="key" value="rscp" />
        </TemplateKey>
        <TemplateKey>
          <option name="groupName" value="Angular" />
          <option name="key" value="a-class" />
        </TemplateKey>
        <TemplateKey>
          <option name="groupName" value="Angular" />
          <option name="key" value="a-ngClass" />
        </TemplateKey>
        <TemplateKey>
          <option name="groupName" value="Angular" />
          <option name="key" value="a-ngFor" />
        </TemplateKey>
        <TemplateKey>
          <option name="groupName" value="Angular" />
          <option name="key" value="a-ngFor-trackBy" />
        </TemplateKey>
        <TemplateKey>
          <option name="groupName" value="Angular" />
          <option name="key" value="a-ngForAsync" />
        </TemplateKey>
        <TemplateKey>
          <option name="groupName" value="Angular" />
          <option name="key" value="a-formControlName" />
        </TemplateKey>
        <TemplateKey>
          <option name="groupName" value="Angular" />
          <option name="key" value="a-formGroup" />
        </TemplateKey>
        <TemplateKey>
          <option name="groupName" value="Angular" />
          <option name="key" value="a-formGroupName" />
        </TemplateKey>
        <TemplateKey>
          <option name="groupName" value="Angular" />
          <option name="key" value="a-ngIf" />
        </TemplateKey>
        <TemplateKey>
          <option name="groupName" value="Angular" />
          <option name="key" value="a-ngIfElse" />
        </TemplateKey>
        <TemplateKey>
          <option name="groupName" value="Angular" />
          <option name="key" value="a-ngModel" />
        </TemplateKey>
        <TemplateKey>
          <option name="groupName" value="Angular" />
          <option name="key" value="a-routerLink" />
        </TemplateKey>
        <TemplateKey>
          <option name="groupName" value="Angular" />
          <option name="key" value="a-routerLink-param" />
        </TemplateKey>
        <TemplateKey>
          <option name="groupName" value="Angular" />
          <option name="key" value="a-select" />
        </TemplateKey>
        <TemplateKey>
          <option name="groupName" value="Angular" />
          <option name="key" value="a-ngStyle" />
        </TemplateKey>
        <TemplateKey>
          <option name="groupName" value="Angular" />
          <option name="key" value="a-ngSwitch" />
        </TemplateKey>
        <TemplateKey>
          <option name="groupName" value="Angular" />
          <option name="key" value="a-preja" />
        </TemplateKey>
        <TemplateKey>
          <option name="groupName" value="Angular" />
          <option name="key" value="a-prej" />
        </TemplateKey>
        <TemplateKey>
          <option name="groupName" value="Angular" />
          <option name="key" value="a-style" />
        </TemplateKey>
        <TemplateKey>
          <option name="groupName" value="Angular" />
          <option name="key" value="a-route-path-404" />
        </TemplateKey>
        <TemplateKey>
          <option name="groupName" value="Angular" />
          <option name="key" value="a-guard-can-activate" />
        </TemplateKey>
        <TemplateKey>
          <option name="groupName" value="Angular" />
          <option name="key" value="a-guard-can-activate-child" />
        </TemplateKey>
        <TemplateKey>
          <option name="groupName" value="Angular" />
          <option name="key" value="a-guard-can-deactivate" />
        </TemplateKey>
        <TemplateKey>
          <option name="groupName" value="Angular" />
          <option name="key" value="a-guard-can-load" />
        </TemplateKey>
        <TemplateKey>
          <option name="groupName" value="Angular" />
          <option name="key" value="a-component" />
        </TemplateKey>
        <TemplateKey>
          <option name="groupName" value="Angular" />
          <option name="key" value="a-component-inline" />
        </TemplateKey>
        <TemplateKey>
          <option name="groupName" value="Angular" />
          <option name="key" value="a-preload-strategy" />
        </TemplateKey>
        <TemplateKey>
          <option name="groupName" value="Angular" />
          <option name="key" value="a-route-path-default" />
        </TemplateKey>
        <TemplateKey>
          <option name="groupName" value="Angular" />
          <option name="key" value="a-directive" />
        </TemplateKey>
        <TemplateKey>
          <option name="groupName" value="Angular" />
          <option name="key" value="a-route-path-eager" />
        </TemplateKey>
        <TemplateKey>
          <option name="groupName" value="Angular" />
          <option name="key" value="a-service-httpclient" />
        </TemplateKey>
        <TemplateKey>
          <option name="groupName" value="Angular" />
          <option name="key" value="a-http-interceptor" />
        </TemplateKey>
        <TemplateKey>
          <option name="groupName" value="Angular" />
          <option name="key" value="a-http-interceptor-headers" />
        </TemplateKey>
        <TemplateKey>
          <option name="groupName" value="Angular" />
          <option name="key" value="a-http-interceptor-logging" />
        </TemplateKey>
        <TemplateKey>
          <option name="groupName" value="Angular" />
          <option name="key" value="a-route-path-lazy" />
        </TemplateKey>
        <TemplateKey>
          <option name="groupName" value="Angular" />
          <option name="key" value="a-module" />
        </TemplateKey>
        <TemplateKey>
          <option name="groupName" value="Angular" />
          <option name="key" value="a-ctor-skip-self" />
        </TemplateKey>
        <TemplateKey>
          <option name="groupName" value="Angular" />
          <option name="key" value="a-module-with-routing" />
        </TemplateKey>
        <TemplateKey>
          <option name="groupName" value="Angular" />
          <option name="key" value="a-pipe" />
        </TemplateKey>
        <TemplateKey>
          <option name="groupName" value="Angular" />
          <option name="key" value="a-injectable-providedin" />
        </TemplateKey>
        <TemplateKey>
          <option name="groupName" value="Angular" />
          <option name="key" value="a-component-root" />
        </TemplateKey>
        <TemplateKey>
          <option name="groupName" value="Angular" />
          <option name="key" value="a-module-root" />
        </TemplateKey>
        <TemplateKey>
          <option name="groupName" value="Angular" />
          <option name="key" value="a-route-path-with-children" />
        </TemplateKey>
        <TemplateKey>
          <option name="groupName" value="Angular" />
          <option name="key" value="a-router-events" />
        </TemplateKey>
        <TemplateKey>
          <option name="groupName" value="Angular" />
          <option name="key" value="a-service" />
        </TemplateKey>
        <TemplateKey>
          <option name="groupName" value="Angular" />
          <option name="key" value="a-httpclient-get" />
        </TemplateKey>
        <TemplateKey>
          <option name="groupName" value="Angular" />
          <option name="key" value="a-ngrx-data-entity-collection-data-service" />
        </TemplateKey>
        <TemplateKey>
          <option name="groupName" value="Angular" />
          <option name="key" value="a-ngrx-data-entity-metadata" />
        </TemplateKey>
        <TemplateKey>
          <option name="groupName" value="Angular" />
          <option name="key" value="a-ngrx-data-store-module" />
        </TemplateKey>
        <TemplateKey>
          <option name="groupName" value="Angular" />
          <option name="key" value="a-output-event" />
        </TemplateKey>
        <TemplateKey>
          <option name="groupName" value="Angular" />
          <option name="key" value="a-route-params-subscribe" />
        </TemplateKey>
        <TemplateKey>
          <option name="groupName" value="Angular" />
          <option name="key" value="a-rxjs-import" />
        </TemplateKey>
        <TemplateKey>
          <option name="groupName" value="Angular" />
          <option name="key" value="a-rxjs-operator-import" />
        </TemplateKey>
        <TemplateKey>
          <option name="groupName" value="Angular" />
          <option name="key" value="a-subscribe" />
        </TemplateKey>
        <TemplateKey>
          <option name="groupName" value="Angular" />
          <option name="key" value="@if + @else" />
        </TemplateKey>
        <TemplateKey>
          <option name="groupName" value="Angular" />
          <option name="key" value="@else if" />
        </TemplateKey>
        <TemplateKey>
          <option name="groupName" value="Angular" />
          <option name="key" value="@else" />
        </TemplateKey>
        <TemplateKey>
          <option name="groupName" value="Angular" />
          <option name="key" value="@switch" />
        </TemplateKey>
      </list>
    </option>
  </component>
</application>