<application>
  <component name="ProjectViewFileNesting">
    <nesting-rules>
      <NestingRule child-file-suffix=".cjs.map" parent-file-suffix=".cjs" />
      <NestingRule child-file-suffix=".min.css" parent-file-suffix=".css" />
      <NestingRule child-file-suffix=".css.map" parent-file-suffix=".css" />
      <NestingRule child-file-suffix=".min.css.map" parent-file-suffix=".css" />
      <NestingRule child-file-suffix=".js" parent-file-suffix=".cts" />
      <NestingRule child-file-suffix=".js.map" parent-file-suffix=".cts" />
      <NestingRule child-file-suffix=".cjs" parent-file-suffix=".cts" />
      <NestingRule child-file-suffix=".cjs.map" parent-file-suffix=".cts" />
      <NestingRule child-file-suffix=".d.cts" parent-file-suffix=".cts" />
      <NestingRule child-file-suffix=".d.cts.map" parent-file-suffix=".cts" />
      <NestingRule child-file-suffix=".js" parent-file-suffix=".es6" />
      <NestingRule child-file-suffix=".js.map" parent-file-suffix=".es6" />
      <NestingRule child-file-suffix=".min.js" parent-file-suffix=".js" />
      <NestingRule child-file-suffix=".min.js.map" parent-file-suffix=".js" />
      <NestingRule child-file-suffix=".map" parent-file-suffix=".js" />
      <NestingRule child-file-suffix=".js.map" parent-file-suffix=".js" />
      <NestingRule child-file-suffix="-compiled.js" parent-file-suffix=".js" />
      <NestingRule child-file-suffix="-compiled.js.map" parent-file-suffix=".js" />
      <NestingRule child-file-suffix=".js" parent-file-suffix=".jsx" />
      <NestingRule child-file-suffix=".js.map" parent-file-suffix=".jsx" />
      <NestingRule child-file-suffix=".mjs.map" parent-file-suffix=".mjs" />
      <NestingRule child-file-suffix=".js" parent-file-suffix=".mts" />
      <NestingRule child-file-suffix=".js.map" parent-file-suffix=".mts" />
      <NestingRule child-file-suffix=".mjs" parent-file-suffix=".mts" />
      <NestingRule child-file-suffix=".mjs.map" parent-file-suffix=".mts" />
      <NestingRule child-file-suffix=".d.mts" parent-file-suffix=".mts" />
      <NestingRule child-file-suffix=".d.mts.map" parent-file-suffix=".mts" />
      <NestingRule child-file-suffix=".css" parent-file-suffix=".sass" />
      <NestingRule child-file-suffix=".css.map" parent-file-suffix=".sass" />
      <NestingRule child-file-suffix=".css" parent-file-suffix=".scss" />
      <NestingRule child-file-suffix=".css.map" parent-file-suffix=".scss" />
      <NestingRule child-file-suffix=".js" parent-file-suffix=".ts" />
      <NestingRule child-file-suffix=".js.map" parent-file-suffix=".ts" />
      <NestingRule child-file-suffix=".mjs" parent-file-suffix=".ts" />
      <NestingRule child-file-suffix=".mjs.map" parent-file-suffix=".ts" />
      <NestingRule child-file-suffix=".cjs" parent-file-suffix=".ts" />
      <NestingRule child-file-suffix=".cjs.map" parent-file-suffix=".ts" />
      <NestingRule child-file-suffix=".d.ts" parent-file-suffix=".ts" />
      <NestingRule child-file-suffix=".d.ts.map" parent-file-suffix=".ts" />
      <NestingRule child-file-suffix=".js" parent-file-suffix=".tsx" />
      <NestingRule child-file-suffix=".js.map" parent-file-suffix=".tsx" />
      <NestingRule child-file-suffix=".jsx" parent-file-suffix=".tsx" />
      <NestingRule child-file-suffix=".jsx.map" parent-file-suffix=".tsx" />
      <NestingRule child-file-suffix=".d.ts" parent-file-suffix=".tsx" />
      <NestingRule child-file-suffix=".d.ts.map" parent-file-suffix=".tsx" />
    </nesting-rules>
  </component>
  <component name="UISettings">
    <option name="CONSOLE_CYCLE_BUFFER_SIZE_KB" value="25600" />
    <option name="HIDE_KNOWN_EXTENSION_IN_TABS" value="true" />
    <option name="MAX_LOOKUP_WIDTH2" value="616" />
    <option name="OVERRIDE_CONSOLE_CYCLE_BUFFER_SIZE" value="true" />
  </component>
</application>