<application>
  <component name="DimensionService">
    <location key="find.popup.1920.0.1920.1080" x="2279" y="56" />
    <location key="find.popup.0.0.1920.1080" x="271" y="82" />
    <location key="find.popup.-1920.-50.1920.1200" x="-1613" y="13" />
    <location key="find.popup.0.0.1920.1200" x="271" y="92" />
    <size key="GridCell.Tab.0.left.0.0.1920.1200" width="1875" height="352" />
    <size key="GridCell.Tab.0.center.0.0.1920.1200" width="1875" height="352" />
    <size key="GridCell.Tab.0.right.0.0.1920.1200" width="1875" height="352" />
    <size key="GridCell.Tab.0.bottom.0.0.1920.1200" width="1875" height="352" />
    <size key="find.popup.1920.0.1920.1080" width="1538" height="933" />
    <size key="GridCell.Tab.0.left.1920.0.1920.1080" width="1875" height="312" />
    <size key="GridCell.Tab.0.center.1920.0.1920.1080" width="1875" height="312" />
    <size key="GridCell.Tab.0.right.1920.0.1920.1080" width="1875" height="312" />
    <size key="GridCell.Tab.0.bottom.1920.0.1920.1080" width="1875" height="312" />
    <size key="GridCell.Tab.1.left.1920.0.1920.1080" width="1875" height="312" />
    <size key="GridCell.Tab.1.center.1920.0.1920.1080" width="1875" height="312" />
    <size key="GridCell.Tab.1.right.1920.0.1920.1080" width="1875" height="312" />
    <size key="GridCell.Tab.1.bottom.1920.0.1920.1080" width="1875" height="312" />
    <size key="find.popup.0.0.1920.1080" width="645" height="560" />
    <size key="GridCell.Tab.0.left.0.0.1920.1080" width="1838" height="304" />
    <size key="GridCell.Tab.0.center.0.0.1920.1080" width="1838" height="304" />
    <size key="GridCell.Tab.0.right.0.0.1920.1080" width="1838" height="304" />
    <size key="GridCell.Tab.0.bottom.0.0.1920.1080" width="1838" height="304" />
    <size key="find.popup.-1920.-50.1920.1200" width="1590" height="1042" />
    <size key="find.popup.0.0.1920.1200" width="1608" height="1029" />
    <size key="GridCell.Tab.1.left.0.0.1920.1080" width="1286" height="438" />
    <size key="GridCell.Tab.1.center.0.0.1920.1080" width="1286" height="438" />
    <size key="GridCell.Tab.1.right.0.0.1920.1080" width="1286" height="438" />
    <size key="GridCell.Tab.1.bottom.0.0.1920.1080" width="1286" height="438" />
    <size key="GridCell.Tab.2.left.0.0.1920.1080" width="1838" height="180" />
    <size key="GridCell.Tab.2.center.0.0.1920.1080" width="1838" height="180" />
    <size key="GridCell.Tab.2.right.0.0.1920.1080" width="1838" height="180" />
    <size key="GridCell.Tab.2.bottom.0.0.1920.1080" width="1838" height="180" />
    <size key="GridCell.Tab.3.left.0.0.1920.1080" width="1838" height="180" />
    <size key="GridCell.Tab.3.center.0.0.1920.1080" width="1838" height="180" />
    <size key="GridCell.Tab.3.right.0.0.1920.1080" width="1838" height="180" />
    <size key="GridCell.Tab.3.bottom.0.0.1920.1080" width="1838" height="180" />
  </component>
  <component name="WindowManager">
    <frame x="-8" y="-8" width="1930" height="1060" extendedState="6" />
  </component>
  <component name="WindowStateApplicationService">
    <state width="569" height="187" key="ShowUsagesActions.dimensionServiceKey" timestamp="1763991373529">
      <screen x="0" y="0" width="1920" height="1050" />
    </state>
    <state width="569" height="187" key="ShowUsagesActions.dimensionServiceKey/0.0.1920.1050/-1920.0.1920.1050" timestamp="1763991373529" />
    <state x="960" y="458" width="800" height="650" key="WELCOME_SCREEN" timestamp="1762684955784">
      <screen x="0" y="0" width="1920" height="1050" />
    </state>
    <state x="960" y="458" width="800" height="650" key="WELCOME_SCREEN/0.0.1920.1050/-1920.0.1920.1050" timestamp="1762684955784" />
    <state width="598" height="411" key="nx.dev.console.generate" timestamp="1762700247195">
      <screen x="0" y="0" width="1920" height="1050" />
    </state>
    <state width="598" height="411" key="nx.dev.console.generate/0.0.1920.1050/-1920.0.1920.1050" timestamp="1762700247195" />
    <state width="237" height="135" key="nx.dev.console.select_target" timestamp="1758991892821">
      <screen x="0" y="0" width="1920" height="1050" />
    </state>
    <state width="237" height="135" key="nx.dev.console.select_target/0.0.1920.1050/-1920.0.1920.1050" timestamp="1758991892821" />
  </component>
</application>