<keymap version="1" name="DxD VSCode Mapping Keys" parent="VSCode">
  <action id="AceDeclarationAction">
    <keyboard-shortcut first-keystroke="shift ctrl alt semicolon" />
  </action>
  <action id="AceWordStartAction">
    <keyboard-shortcut first-keystroke="shift ctrl alt j" />
  </action>
  <action id="Back">
    <mouse-shortcut keystroke="button4" />
  </action>
  <action id="ChooseRunConfiguration" />
  <action id="CloseAllEditors">
    <keyboard-shortcut first-keystroke="ctrl k" second-keystroke="ctrl w" />
    <keyboard-shortcut first-keystroke="shift alt w" />
  </action>
  <action id="Console.TableResult.CopyAggregatorResult">
    <keyboard-shortcut first-keystroke="ctrl k" second-keystroke="p" />
  </action>
  <action id="CopyAbsolutePath">
    <keyboard-shortcut first-keystroke="ctrl k" second-keystroke="p" />
  </action>
  <action id="CopyPaths">
    <keyboard-shortcut first-keystroke="ctrl k" second-keystroke="p" />
  </action>
  <action id="DatabaseView.CopyDdlAction">
    <keyboard-shortcut first-keystroke="shift ctrl alt g" />
  </action>
  <action id="Documentation.Forward">
    <mouse-shortcut keystroke="button5" />
  </action>
  <action id="EditorDeleteLine">
    <keyboard-shortcut first-keystroke="shift ctrl k" />
    <keyboard-shortcut first-keystroke="alt d" />
  </action>
  <action id="EditorLineEnd">
    <keyboard-shortcut first-keystroke="end" />
    <keyboard-shortcut first-keystroke="alt right" />
  </action>
  <action id="EditorLineEndWithSelection">
    <keyboard-shortcut first-keystroke="shift end" />
    <keyboard-shortcut first-keystroke="shift alt right" />
  </action>
  <action id="EditorLineStart">
    <keyboard-shortcut first-keystroke="home" />
    <keyboard-shortcut first-keystroke="alt left" />
  </action>
  <action id="EditorLineStartWithSelection">
    <keyboard-shortcut first-keystroke="shift home" />
    <keyboard-shortcut first-keystroke="shift alt left" />
  </action>
  <action id="EditorSelectWord" />
  <action id="EditorTextEnd">
    <keyboard-shortcut first-keystroke="ctrl alt page_down" />
  </action>
  <action id="EditorTextStart">
    <keyboard-shortcut first-keystroke="ctrl home" />
    <keyboard-shortcut first-keystroke="ctrl alt page_up" />
  </action>
  <action id="FileChooser.GoForward">
    <mouse-shortcut keystroke="button5" />
  </action>
  <action id="FileChooser.NewFile" />
  <action id="Forward">
    <mouse-shortcut keystroke="button5" />
  </action>
  <action id="GotoDeclaration">
    <mouse-shortcut keystroke="control button1" />
    <keyboard-shortcut first-keystroke="ctrl b" />
  </action>
  <action id="HideSideWindows" />
  <action id="MoveEditorToOppositeTabGroup" />
  <action id="MoveTabDown">
    <keyboard-shortcut first-keystroke="ctrl alt left" />
  </action>
  <action id="MoveTabRight">
    <keyboard-shortcut first-keystroke="ctrl alt right" />
  </action>
  <action id="NewDir">
    <keyboard-shortcut first-keystroke="shift ctrl n" />
  </action>
  <action id="NewFile">
    <keyboard-shortcut first-keystroke="ctrl n" />
  </action>
  <action id="RemoteHostView.CopyPaths">
    <keyboard-shortcut first-keystroke="ctrl k" second-keystroke="p" />
  </action>
  <action id="Rerun">
    <keyboard-shortcut first-keystroke="shift ctrl f5" />
  </action>
  <action id="RerunFailedTests" />
  <action id="SaveAll">
    <keyboard-shortcut first-keystroke="alt s" />
  </action>
  <action id="SmartSelect" />
  <action id="SmartUnSelect" />
  <action id="SurroundWith">
    <keyboard-shortcut first-keystroke="shift alt s" />
  </action>
  <action id="TableResult.GrowSelection" />
  <action id="TableResult.SelectColumn" />
  <action id="Terminal.ClearBuffer">
    <keyboard-shortcut first-keystroke="shift alt c" />
    <keyboard-shortcut first-keystroke="shift ctrl c" />
  </action>
  <action id="WelcomeScreen.CopyProjectPath">
    <keyboard-shortcut first-keystroke="ctrl k" second-keystroke="p" />
  </action>
  <action id="angularCliGenerate">
    <keyboard-shortcut first-keystroke="shift ctrl alt a" />
  </action>
  <action id="com.github.dinbtechit.jetbrainsnestjs.actions.cli.NestjsCliAction">
    <keyboard-shortcut first-keystroke="shift ctrl alt n" />
  </action>
  <action id="org.intellij.plugins.markdown.ui.actions.styling.ToggleBoldAction" />
  <action id="org.intellij.plugins.markdown.ui.actions.styling.ToggleCodeSpanAction" />
</keymap>